"SN.","Title","Registration Number","Registration Date","Language","Periodicity","Publisher","Owner","Publication State","Publication District","Action"
"2001","UDYOG KRANTI","32344","10-04-1980","English","Monthly","M. SURYA RAO","ANDHRA PRADESH EMPLOYEES COORDINATION COMMITTEE","Telangana","Hyderabad","View        registration details for UDYOG KRANTI (32344)"
"2002","UDYOGA SOPARAM","60716","06-05-1994","Telugu","Fortnightly","SEETHAZA VENKATA SURESH","SEETHAZA VENKATA SURESH","Telangana","Hyderabad","View        registration details for UDYOGA SOPARAM (60716)"
"2003","UDYOGA VIJAYA DEEPIKA","TELTEL/2000/01483","23-03-2000","Telugu","Monthly","M.V.MOHANA RAO","KOWNDINYA PUBLICATIONS","Telangana","Hyderabad","View        registration details for UDYOGA VIJAYA DEEPIKA (TELTEL/2000/01483)"
"2004","UDYOGULA GONTUKA","TELBIL/2011/38178","06-07-2011","English, Telugu","Monthly","MAMILLA RAJENDER","TELANGANA NON GAZETTED OFFICERS CENTRAL UNION","Telangana","Hyderabad","View        registration details for UDYOGULA GONTUKA (TELBIL/2011/38178)"
"2005","UDYOGULA KIRANAM","TELTEL/2012/44660","09-08-2012","Telugu","Monthly","ELURI SREENIVASA RAO","TELANGANA GAZETTED OFFICERS","Telangana","Hyderabad","View        registration details for UDYOGULA KIRANAM (TELTEL/2012/44660)"
"2006","UGRA ROOPAM","APTEL/2005/15590","28-07-2005","Telugu","Monthly","M. TANAJI PATIL","M. TANAJI PATIL","Telangana","Hyderabad","View        registration details for UGRA ROOPAM (APTEL/2005/15590)"
"2007","UKKU SANKALPAM","TELTEL/2010/34215","10-11-2010","Telugu","Daily","SHAIK AHAMAD ALI","SHAIK AHAMAD ALI","Telangana","Nalgonda","View        registration details for UKKU SANKALPAM (TELTEL/2010/34215)"
"2008","ULFAT E HIND","64214","22-05-1996","Urdu","Weekly","MOHD. IBRAHIMUDDIN ANSARI","MOHD. IBRAHIMUDDIN ANSARI","Telangana","Hyderabad","View        registration details for ULFAT E HIND (64214)"
"2009","ULLASAM","APTEL/2003/10731","26-06-2003","Telugu","Monthly","Y.VIJAYA BHASKAR","Y.VIJAYA BHASKAR","Telangana","Hyderabad","View        registration details for ULLASAM (APTEL/2003/10731)"
"2010","UNANI MEDICAL JOURNAL","APTEL/2000/02630","30-05-2000","English, Urdu","Monthly","DR.RAHMAN KHAN","DR.RAHMAN KHAN","Telangana","Hyderabad","View        registration details for UNANI MEDICAL JOURNAL (APTEL/2000/02630)"
"2011","UNIQUE GLOBAL LAW PUBLICATIONS UNIQUE GLOBAL LAW JOURNAL","TELENG/2023/85426","15-09-2023","English","Quarterly","THANNIRU SRINIVAS","UNIQUE GLOBAL LAW PUBLICATIONS","Telangana","Hyderabad","View        registration details for UNIQUE GLOBAL LAW PUBLICATIONS UNIQUE GLOBAL LAW JOURNAL (TELENG/2023/85426)"
"2012","UPADHYAYA BHARATI","TELTEL/2014/72410","22-06-2017","Telugu","Monthly","PAILLA YADAGIRI","TELANGANA PRANTA UPADHYAYA SANGAM","Telangana","Medchal Malkajgiri","View        registration details for UPADHYAYA BHARATI (TELTEL/2014/72410)"
"2013","UPADHYAYA DARSHINI","TELBIL/2014/60867","19-03-2015","English, Telugu","Monthly","K. VENU GOPAL","TELANGANA PROGRESSIVE TEACHERSFEDERATION","Telangana","Hyderabad","View        registration details for UPADHYAYA DARSHINI (TELBIL/2014/60867)"
"2014","UPADYAYA SPHOORTI","TELTEL/2014/64392","23-10-2015","Telugu","Monthly","PAILLA YADAGIRI","ANDHRA PRADESH UPADYAYA SANGAM","Telangana","Hyderabad","View        registration details for UPADYAYA SPHOORTI (TELTEL/2014/64392)"
"2015","USHODAYAM SAMAGRA DINA PATRIKA","52945","23-08-1994","Telugu","Daily","A SWARAJYA LAKSHMI","R.G. MEDIA","Telangana","Hyderabad","View        registration details for USHODAYAM SAMAGRA DINA PATRIKA (52945)"
"2016","UTTARAM KAAKATEEYA","TGTEL/25/A1234","13-06-2025","Telugu","Daily","ARELLI KIRAN","ARELLI KIRAN","Telangana","Warangal","View        registration details for UTTARAM KAAKATEEYA (TGTEL/25/A1234)"
"2017","VAAGU","TELTEL/2014/57287","16-09-2014","Telugu","Bimonthly (Once in two months)","RADHAKRISHNA NAGUNURI","RADHAKRISHNA NAGUNURI","Telangana","Karimnagar","View        registration details for VAAGU (TELTEL/2014/57287)"
"2018","Vaakya Jwaala","TGTEL/25/A2733","19-09-2025","Telugu","Daily (Monday To Saturday)","Vankar Swetha","Vankar Swetha","Telangana","Jagitial","View        registration details for Vaakya Jwaala (TGTEL/25/A2733)"
"2019","VAANI VIJAYAM","TGBIL/26/A0708","23-01-2026","Telugu, English","Monthly","Mengani Venu Gopal Reddy","Mengani Venu Gopal Reddy","Telangana","Hyderabad","View        registration details for VAANI VIJAYAM (TGBIL/26/A0708)"
"2020","VAARTHA BHOOMI","TELTEL/2015/65957","02-02-2016","Telugu","Daily","LINGA REDDY VENKAT REDDY","LINGA REDDY VENKAT REDDY","Telangana","Warangal","View        registration details for VAARTHA BHOOMI (TELTEL/2015/65957)"
"2021","VAARTHA BHOOMI","TELTEL/2012/45416","25-09-2012","Telugu","Daily","LINGA REDDY VENKAT REDDY","LINGA REDDY VENKAT REDDY","Telangana","Karimnagar","View        registration details for VAARTHA BHOOMI (TELTEL/2012/45416)"
"2022","VAARTHA LAHAR","APTEL/2001/09954","02-07-2001","Telugu","Daily (Monday To Saturday)","MOHAMMAD KHASIM","MOHAMMAD KHASIM","Telangana","Bhadradri Kothagudem","View        registration details for VAARTHA LAHAR (APTEL/2001/09954)"
"2023","VAARTHA POWER","TELTEL/2015/64479","27-10-2015","Telugu","Daily","M. VENKATA RAMANA","M. VENKATARAMANA","Telangana","Telangana","View        registration details for VAARTHA POWER (TELTEL/2015/64479)"
"2024","Vaartha Ratnam","TGTEL/25/A2937","30-09-2025","Telugu","Daily","JAGU VENKATA RATHNAM","INTELLISTREAM TECHNOLOGIES LLP","Telangana","Khammam","View        registration details for Vaartha Ratnam (TGTEL/25/A2937)"
"2025","VAARTHA REKHA","65336","21-01-1997","Telugu","Daily","K. VENKATESHWER RAO","K.VENKATESHWAR RAO","Telangana","Hyderabad","View        registration details for VAARTHA REKHA (65336)"
"2026","vaartha sandhya","TGTEL/25/A5065","11-12-2025","Telugu","Daily","seggem kiran kumar","seggem kiran kumar","Telangana","Rangareddy","View        registration details for vaartha sandhya (TGTEL/25/A5065)"
"2027","VAARTHA TARANGALU","APTEL/2006/18987","28-03-2007","Telugu","Daily","K.A. VIJAYA RAJU","K A VIJAYA RAJU","Telangana","Hyderabad","View        registration details for VAARTHA TARANGALU (APTEL/2006/18987)"
"2028","VAARTHA TARANGALU","APTEL/2001/05655","19-11-2001","Telugu","Fortnightly","K A VIJAYA RAJU","K A VIJAYA RAJU","Telangana","Telangana","View        registration details for VAARTHA TARANGALU (APTEL/2001/05655)"
"2029","VAARTHA VEDHIKA SURYA","TGTEL/25/A0305","20-05-2025","Telugu","Daily","POLOJU SRINIVASA CHARY","POLOJU SRINIVASA CHARY","Telangana","Yadadri Bhuvanagiri","View        registration details for VAARTHA VEDHIKA SURYA (TGTEL/25/A0305)"
"2030","VAARTHA VEKUVA","TGTEL/26/A2290","08-04-2026","Telugu","Daily","AVANAGANTI ANIL KUMAR","AVANAGANTI ANIL KUMAR","Telangana","Rangareddy","View        registration details for VAARTHA VEKUVA (TGTEL/26/A2290)"
"2031","VAARTHAA KSHETRAM","TELTEL/2016/69843","29-12-2016","Telugu","Monthly","SIVA SANKAR BATTULA","SIVA SANKAR BATTULA","Telangana","Rangareddy","View        registration details for VAARTHAA KSHETRAM (TELTEL/2016/69843)"
"2032","VAARTHALOKAM","TELTEL/2010/31287","04-03-2010","Telugu","Daily","VAKITI VENKATESHAM","VAKITI VENKATESHAM","Telangana","Hyderabad","View        registration details for VAARTHALOKAM (TELTEL/2010/31287)"
"2033","VAARTHALOKAM","TELTEL/2014/57701","13-10-2014","Telugu","Monthly","VAKITI VENKATESHAM","VAKITI VENKATESHAM","Telangana","Hyderabad","View        registration details for VAARTHALOKAM (TELTEL/2014/57701)"
"2034","VAARTHALU VASTHAVAALU","TELTEL/2017/74990","05-03-2018","Telugu","Daily","JINKALA SRINIVAS","JINKALA SRINIVAS","Telangana","Sangareddy","View        registration details for VAARTHALU VASTHAVAALU (TELTEL/2017/74990)"
"2035","VAARTHALU VASTHAVAALU","TELTEL/2015/66246","25-02-2016","Telugu","Fortnightly","JINKALA SRINIVAS","JINKALA SRINIVAS","Telangana","Medak","View        registration details for VAARTHALU VASTHAVAALU (TELTEL/2015/66246)"
"2036","VADHUVARULA VIVAHABANDHAM","TGTEL/25/A0435","24-05-2025","Telugu","Monthly","KUNDURU PURUSHOTHAMA REDDY","KUNDURU PURUSHOTHAMA REDDY","Telangana","Warangal","View        registration details for VADHUVARULA VIVAHABANDHAM (TGTEL/25/A0435)"
"2037","VAK","APMUL/2000/02474","29-09-2000","English, Telugu, Hindi","Monthly","M.V. SOUNDARARAJAN","M.V. SOUNDARARAJAN","Telangana","Hyderabad","View        registration details for VAK (APMUL/2000/02474)"
"2038","VALASA TELANGANA","TELTEL/2024/89284","28-10-2024","TELUGU","Monthly","MOHAMMED GOUSE PASHA","MOHAMMED GOUSE PASHA","Telangana","Karimnagar","View        registration details for VALASA TELANGANA (TELTEL/2024/89284)"
"2039","VANA PREMI","TELENG/2000/02185","21-10-1999","English","Monthly","QAMAR MOHD. KHAN","ASSOCIATION OF RETIRED FOREST OFFICERS","Telangana","Hyderabad","View        registration details for VANA PREMI (TELENG/2000/02185)"
"2040","VANAJA UPDATES","TGTEL/26/A0853","30-01-2026","Telugu","Daily","SUREPALLY MADHU SUDHAN","SUREPALLY MADHU SUDHAN","Telangana","Rangareddy","View        registration details for VANAJA UPDATES (TGTEL/26/A0853)"
"2041","VANAM MANAM","TELBIL/2016/69542","05-12-2016","English, Telugu","Monthly","M. VENKATESWARLU","M.VENKATESWARLU","Telangana","Hyderabad","View        registration details for VANAM MANAM (TELBIL/2016/69542)"
"2042","VANAVANI","APTEL/2003/11756","16-10-2003","Telugu","Monthly","BONAGIRI RAMANARAYANA RAO","VANAVASI KALYAN PARISHAD","Telangana","Hyderabad","View        registration details for VANAVANI (APTEL/2003/11756)"
"2043","VANJARI TODAY","TELMUL/2021/90204","21-11-2024","MULTILINGUAL","Monthly","K ROOPA JYOTHI","K ROOPA JYOTHI","Telangana","Hyderabad","View        registration details for VANJARI TODAY (TELMUL/2021/90204)"
"2044","VARNIKA VARDHINI","TELTEL/2023/87744","03-07-2024","TELUGU","Fortnightly","GOVINDU RAJESH KUMAR","GOVINDU RAJESH KUMAR","Telangana","","View        registration details for VARNIKA VARDHINI (TELTEL/2023/87744)"
"2045","VARSHAM","TELTEL/2015/63265","14-07-2015","Telugu","Daily","RASAMALLU ANJAIAH","RASAMALLU ANJAIAH","Telangana","Medak","View        registration details for VARSHAM (TELTEL/2015/63265)"
"2046","VARTA SARADHI","TELTEL/2014/59683","19-01-2015","Telugu","Monthly","SADUVULA THIRUPATHI","SADUVULA THIRUPATHI","Telangana","Adilabad","View        registration details for VARTA SARADHI (TELTEL/2014/59683)"
"2047","VARTHA KERATAM","TGTEL/25/A4158","20-11-2025","Telugu","Daily","Shaik Ghouse Basha","Shaik Ghouse Basha","Telangana","Hyderabad","View        registration details for VARTHA KERATAM (TGTEL/25/A4158)"
"2048","VARTHA KIRANAM","TELTEL/2021/81326","31-03-2022","Telugu","Monthly","GANDICHERUVU VENKANNA","GANDICHERUVU VENKANNA","Telangana","Nalgonda","View        registration details for VARTHA KIRANAM (TELTEL/2021/81326)"
"2049","VARTHA KIRANAM","TELTEL/2022/90702","10-05-2025","Telugu","Daily","GANDICHERUVU VENKANNA","GANDICHERUVU VENKANNA","Telangana","Nalgonda","View        registration details for VARTHA KIRANAM	 (TELTEL/2022/90702)"
"2050","VARTHA NETHRAM","TELTEL/2017/72496","04-07-2017","Telugu","Monthly","ELCHALWAR SATYANARAYANA","ELCHALWAR SATYANARAYANA","Telangana","Adilabad","View        registration details for VARTHA NETHRAM (TELTEL/2017/72496)"
"2051","VARTHA NIVEDANA","TELTEL/2024/90131","13-11-2024","TELUGU","Daily","GURRALA PADMA","GURRALA PADMA","Telangana","Nalgonda","View        registration details for VARTHA NIVEDANA (TELTEL/2024/90131)"
"2052","VARTHA NIVEDANA","TELTEL/2021/82100","26-08-2022","Telugu","Monthly","GURRALA PADMA","GURRALA PADMA","Telangana","Nalgonda","View        registration details for VARTHA NIVEDANA (TELTEL/2021/82100)"
"2053","VARTHA PRABHA","TGTEL/25/A1452","01-07-2025","Telugu","Daily","Veerla Sree Ram Yadav","Veerla Sree Ram Yadav","Telangana","Hyderabad","View        registration details for VARTHA PRABHA (TGTEL/25/A1452)"
"2054","VARTHA SHAKTI","TELTEL/2007/19760","08-05-2007","Telugu","Monthly","K. MURALI KRISHNA","K. MURALI KRISHNA","Telangana","Karimnagar","View        registration details for VARTHA SHAKTI (TELTEL/2007/19760)"
"2055","VARTHAMAANAM TELUGU DINAPATRIKA","60717","30-10-1998","Telugu","Daily","KOPPARAPU RAMBABU","KOPPARAPU RAMBABU","Telangana","Hyderabad","View        registration details for VARTHAMAANAM TELUGU DINAPATRIKA (60717)"
"2056","VASAKI","TELTEL/2020/78888","07-08-2020","Telugu","Monthly","GUMPARTI BHASKAR RAO","GUMPARTI BHASKAR RAO","Telangana","Hyderabad","View        registration details for VASAKI (TELTEL/2020/78888)"
"2057","VASAVI DEEPIKA","TELTEL/2015/63226","13-07-2015","Telugu","Monthly","RACHURI. VAMSHI KRISHNA","RACHURI . VAMSHI KRISHNA","Telangana","Rangareddy","View        registration details for VASAVI DEEPIKA (TELTEL/2015/63226)"
"2058","VASAVI NEWS","TELTEL/2014/58489","25-11-2014","Telugu","Monthly","GAMPA NAGESHWER  RAO","VASAVI CLUBS INTERNATIONAL","Telangana","Hyderabad","View        registration details for VASAVI NEWS (TELTEL/2014/58489)"
"2059","VASAVI NEWS","TELTAM/2015/66267","29-02-2016","Tamil","Monthly","GAMPA NAGESHWER RAO","VASAVI CLUBS INTERNATIONAL","Telangana","Hyderabad","View        registration details for VASAVI NEWS (TELTAM/2015/66267)"
"2060","VASTAV SANDESH","TELTEL/2015/66233","19-02-2016","Telugu","Monthly","NAGALLA CHANDRA SEKHAR","NAGALLA CHANDRA SEKHAR","Telangana","Rangareddy","View        registration details for VASTAV SANDESH (TELTEL/2015/66233)"
"2061","VASTAVA TELANGANA","TELTEL/2022/81794","22-07-2022","Telugu","Daily","CHINTALA RAMA KRISHNA","CHINTALA RAMA KRISHNA","Telangana","Sangareddy","View        registration details for VASTAVA TELANGANA (TELTEL/2022/81794)"
"2062","VASTHAVA DARPANAM","TELURD/2014/60083","06-02-2015","Urdu","Daily","ABDUL SATTAR","ABDUL SATTAR","Telangana","Rangareddy","View        registration details for VASTHAVA DARPANAM (TELURD/2014/60083)"
"2063","VASTHAVA DARPANAM","TELTEL/2013/54511","05-02-2014","Telugu","Weekly","ABDUL SATTAR","ABDUL SATTAR","Telangana","Rangareddy","View        registration details for VASTHAVA DARPANAM (TELTEL/2013/54511)"
"2064","VASTHAVA NESTHAM","TELMUL/2023/85744","12-12-2023","English, Telugu, Hindi","Daily","SYED QAMAR","SYED QAMAR","Telangana","Adilabad","View        registration details for VASTHAVA NESTHAM (TELMUL/2023/85744)"
"2065","VASTHAVALU PALUKUDDE WAARTHA","TGTEL/26/A2235","06-04-2026","Telugu","Daily","BATHULA KUMAR RAJA","BATHULA KUMAR RAJA","Telangana","Rangareddy","View        registration details for VASTHAVALU PALUKUDDE WAARTHA (TGTEL/26/A2235)"
"2066","VASUDAIKA TELANGANA","TGTEL/25/A0380","22-05-2025","Telugu","Daily","RYADA RAVINDER","RYADA RAVINDER","Telangana","Hyderabad","View        registration details for VASUDAIKA TELANGANA (TGTEL/25/A0380)"
"2067","VEDAPRAKASH TIMES","TELTEL/2016/75250","16-05-2018","Telugu","Monthly","VANAMALA RAMAKRISHNA","VANAMALA RAMA KRISHNA","Telangana","Nalgonda","View        registration details for VEDAPRAKASH TIMES (TELTEL/2016/75250)"
"2068","VEDAPRAKASH TIMES","TELTEL/2021/90969","19-06-2025","Telugu","Daily","VANAMALA RAMA KRISHNA","VANAMALA RAMA KRISHNA","Telangana","Nalgonda","View        registration details for VEDAPRAKASH TIMES	 (TELTEL/2021/90969)"
"2069","VEDHA NEWS","TELTEL/2022/83073","09-12-2022","Telugu","Daily","LINGABATTHINI KRISHNA","LINGABATTHINI KRISHNA","Telangana","Telangana","View        registration details for VEDHA NEWS (TELTEL/2022/83073)"
"2070","VEDI GALI","70598","13-02-1993","Telugu","Daily","JAMALPUR GANESH","JAMALPUR GANESH","Telangana","Nizamabad","View        registration details for VEDI GALI (70598)"
"2071","VEEKSHANA THARANGAM","TELTEL/2016/69926","09-01-2017","Telugu","Daily","R. RAGHU","R.RAGHU","Telangana","Medchal Malkajgiri","View        registration details for VEEKSHANA THARANGAM (TELTEL/2016/69926)"
"2072","VEEKSHANAM","TELTEL/2003/11482","22-11-2003","Telugu","Monthly","N. VENUGOPAL RAO","N.VENUGOPAL RAO","Telangana","Hyderabad","View        registration details for VEEKSHANAM (TELTEL/2003/11482)"
"2073","Vekuva Dhruva","TGTEL/26/A0947","10-02-2026","Telugu","Daily","THADUKA SRILATHA","THADUKA SRILATHA","Telangana","Warangal","View        registration details for Vekuva Dhruva (TGTEL/26/A0947)"
"2074","VEKUVA SAMAYAM","TELTEL/2015/63957","27-08-2015","Telugu","Daily","KARNAM BHASKER RAO","KARNAM BHASKAR RAO","Telangana","Hyderabad","View        registration details for VEKUVA SAMAYAM (TELTEL/2015/63957)"
"2075","VEKUVA SAMAYAM","TELTEL/2015/66386","14-03-2016","Telugu","Daily","KARNAM BHASKER RAO","KARNAM BHASKAR RAO","Telangana","Rangareddy","View        registration details for VEKUVA SAMAYAM (TELTEL/2015/66386)"
"2076","VEKUVA SAMAYAM","TELTEL/2015/61722","01-05-2015","Telugu","Daily","KARNAM BHASKER RAO","KARNAM BHASKAR RAO","Telangana","Nalgonda","View        registration details for VEKUVA SAMAYAM (TELTEL/2015/61722)"
"2077","VELAMA VYJAYANTHI","APTEL/2002/08960","28-10-2002","Telugu","Bimonthly (Once in two months)","B. VENKAT RAO","A.P. VELAMA ASSOCIATION","Telangana","Hyderabad","View        registration details for VELAMA VYJAYANTHI (APTEL/2002/08960)"
"2078","VELTHURU","TELTEL/2021/86882","15-04-2024","Telugu","Daily","BAKKA YADAIAH","BAKKA YADAIAH","Telangana","Nalgonda","View        registration details for VELTHURU (TELTEL/2021/86882)"
"2079","VELTHURU","TELTEL/2015/64056","03-09-2015","Telugu","Monthly","BAKKA YADAIAH","BAKKA YADAIAH","Telangana","Rangareddy","View        registration details for VELTHURU (TELTEL/2015/64056)"
"2080","VELTHURU","TELTEL/2019/78609","12-03-2020","Telugu","Daily","BAKKA YADAIAH","BAKKA YADAIAH","Telangana","Rangareddy","View        registration details for VELTHURU (TELTEL/2019/78609)"
"2081","VELTHURU TODAY","TELENG/2022/85175","07-07-2023","English","Daily","BAKKA YADAIAH","BAKKA YADAIAH","Telangana","Nalgonda","View        registration details for VELTHURU TODAY (TELENG/2022/85175)"
"2082","VELUGU KOSAM","TELTEL/2022/90246","02-12-2024","TELUGU","Monthly","KOMMU VENKATARAMANA","KOMMU VENKATARAMANA","Telangana","Siddipet","View        registration details for VELUGU KOSAM (TELTEL/2022/90246)"
"2083","VELUGU NIGHA","TELTEL/2022/83790","17-04-2023","Telugu","Daily","KALAVENI JEEVAN","KALVALA ANIL KUMAR","Telangana","Peddapalli","View        registration details for VELUGU NIGHA (TELTEL/2022/83790)"
"2084","Velugula  Araka","TGTEL/25/A4997","10-12-2025","Telugu","Daily","ANDEKAR SAIDULU","ANDEKAR SAIDULU","Telangana","Rangareddy","View        registration details for Velugula  Araka (TGTEL/25/A4997)"
"2085","VEMULA EXPRESS","TELTEL/2015/65123","04-12-2015","Telugu","Daily","VEMULA VENKATESHWARLU","VEMULA VENKATESHWARLU","Telangana","Nalgonda","View        registration details for VEMULA EXPRESS (TELTEL/2015/65123)"
"2086","VEMULA EXPRESS","TELTEL/2015/60247","16-02-2015","Telugu","Monthly","VEMULA VENKATESHWARLU","VEMULA VENKATESHWARLU","Telangana","Nalgonda","View        registration details for VEMULA EXPRESS (TELTEL/2015/60247)"
"2087","VEMULAWADA VARTHA","TELTEL/2017/71143","10-04-2017","Telugu","Daily","ADULA THIRUPATHI","ADULA THIRUPATHI","Telangana","Karimnagar","View        registration details for VEMULAWADA VARTHA (TELTEL/2017/71143)"
"2088","VENNELA","TELTEL/2016/66510","21-03-2016","Telugu","Daily","AMBADIPUDI SATYANARAYANA MURTHY","AMBADIPUDI SATYANARAYANA MURTHY","Telangana","Rangareddy","View        registration details for VENNELA (TELTEL/2016/66510)"
"2089","VIBINNA KATANALAKU MAA SAMACHARAM","APTEL/2006/16539","06-03-2006","Telugu","Weekly","S. BALA MALLAIAH","S. BALA  MALLAIAH","Telangana","Hyderabad","View        registration details for VIBINNA KATANALAKU MAA SAMACHARAM (APTEL/2006/16539)"
"2090","VICHAKSHANA","TGTEL/25/A4594","02-12-2025","Telugu","Daily","GADDAGOLLA RAGHU RAMULU","GADDAGOLLA RAGHU RAMULU","Telangana","Hyderabad","View        registration details for VICHAKSHANA (TGTEL/25/A4594)"
"2091","VIDHATHA","TGTEL/26/A3327","08-05-2026","Telugu","Daily","TIPPANA KOTI REDDY","TIPPANA KOTI REDDY","Telangana","Hyderabad","View        registration details for VIDHATHA (TGTEL/26/A3327)"
"2092","VIDYARDHI CHEKUMUKI","52740","26-02-2001","Telugu","Monthly","V. BALASUBRAMANIAM","JANA VIGNANA VEDIKA ASSOCIATION","Telangana","Khammam","View        registration details for VIDYARDHI CHEKUMUKI (52740)"
"2093","VIDYARTHI NESTHAM","TELTEL/2014/58242","12-11-2014","Telugu","Monthly","SRINIVASULA VISWANADHAM","SRINIVASULA VISWANADHAM","Telangana","Hyderabad","View        registration details for VIDYARTHI NESTHAM (TELTEL/2014/58242)"
"2094","VIEWS OBSERVER","APENG/2005/15529","25-08-2005","English","Daily","K. RAJAGOVIND","M/S. VIEWS PUBLICATIONS","Telangana","Hyderabad","View        registration details for VIEWS OBSERVER (APENG/2005/15529)"
"2095","VIGIL BLOW","TELMUL/2023/90569","26-03-2025","English, Telugu, Hindi","Daily","MURALI KRISHNA KONADA","MURALI KRISHNA KONADA","Telangana","","View        registration details for VIGIL BLOW (TELMUL/2023/90569)"
"2096","VIJAYA KRANTHI","TELTEL/2018/75203","11-05-2018","Telugu","Daily","CHILAPPAGARI LAXMI RAJAM","INTERCONTINENTAL PUBLICATIONS PRIVATE LIMITED","Telangana","Hyderabad","View        registration details for VIJAYA KRANTHI (TELTEL/2018/75203)"
"2097","VIJAYA KRANTHI","TELTEL/2018/76638","02-01-2019","Telugu","Daily","CHILAPPAGARI LAXMI RAJAM","INTERCONTINENTAL PUBLICATIONS PRIVATE LIMITED","Telangana","Khammam","View        registration details for VIJAYA KRANTHI (TELTEL/2018/76638)"
"2098","VIJAYA KRANTHI","TELTEL/2018/76660","07-01-2019","Telugu","Daily","CHILAPPAGARI LAXMI RAJAM","INTERCONTINENTAL PUBLICATIONS PRIVATE LIMITED","Telangana","Nizamabad","View        registration details for VIJAYA KRANTHI (TELTEL/2018/76660)"
"2099","VIJAYA PRASTANAM","TELTEL/2015/74401","15-01-2018","Telugu","Monthly","SIRIPANGI ANJAN KUMAR","SIRIPANGI ANJAN KUMAR","Telangana","Rangareddy","View        registration details for VIJAYA PRASTANAM (TELTEL/2015/74401)"
"2100","VIJAYA SARATHI","TGTEL/25/A1643","04-07-2025","Telugu","Daily","Perapogu Venkateswarlu","Perapogu Venkateswarlu","Telangana","Hyderabad","View        registration details for VIJAYA SARATHI (TGTEL/25/A1643)"
"2101","VIJAYA TELANGANA","TELTEL/2014/59325","30-12-2014","Telugu","Daily","B. VINAYAKA RAO","B. VINAYAKA RAO","Telangana","Hyderabad","View        registration details for VIJAYA TELANGANA (TELTEL/2014/59325)"
"2102","VIJAYA VIHARAM","APTEL/2000/00469","23-12-1999","Telugu","Monthly","T.V. RAMANA MURTHY","T.V. RAMANA MURTY","Telangana","Telangana","View        registration details for VIJAYA VIHARAM (APTEL/2000/00469)"
"2103","VIJAYAKETHANAM","TELTEL/2014/59402","05-01-2015","Telugu","Daily","PAMANUGUNDLA NARSIMHA","PAMANUGUNDLA NARSIMHA","Telangana","Nalgonda","View        registration details for VIJAYAKETHANAM (TELTEL/2014/59402)"
"2104","VIJAYANIKI ABHAYAM","TELTEL/2018/76774","25-01-2019","Telugu","Monthly","UPPALA SRINIVAS CHARY","UPPALA SRINIVAS CHARY","Telangana","Siddipet","View        registration details for VIJAYANIKI ABHAYAM (TELTEL/2018/76774)"
"2105","VIJAYAPRABHA","TELTEL/2020/81808","25-07-2022","Telugu","Daily","TONDEPU MARUTHIRAO","TONDEPU MARUTHIRAO","Telangana","Hyderabad","View        registration details for VIJAYAPRABHA (TELTEL/2020/81808)"
"2106","VIJAYASOPANAM","TELTEL/2014/59317","30-12-2014","Telugu","Monthly","K. RAMAKRISHNA","K. RAMAKRISHNA","Telangana","Hyderabad","View        registration details for VIJAYASOPANAM (TELTEL/2014/59317)"
"2107","VIJETA COMPETITIONS","52730","19-04-1991","Telugu","Fortnightly","B. LAVANYA","B. LAVANYA","Telangana","Hyderabad","View        registration details for VIJETA COMPETITIONS (52730)"
"2108","Vikalangula Vijeta","TGTEL/26/A2962","29-04-2026","Telugu","Monthly","Panthangi Mangamma","Panthangi Mangamma","Telangana","Hyderabad","View        registration details for Vikalangula Vijeta (TGTEL/26/A2962)"
"2109","VILAKSHANA","TELTEL/2021/86226","31-01-2024","Telugu","Monthly","KUNAPULI RAMA RAO","KUNAPULI RAMA RAO","Telangana","Nizamabad","View        registration details for VILAKSHANA (TELTEL/2021/86226)"
"2110","VILLAGE MASS NEWS","TELTEL/2012/47641","23-01-2013","Telugu","Monthly","GUDURU AMARENDER REDDY","GUDURU AMARENDER REDDY","Telangana","Rangareddy","View        registration details for VILLAGE MASS NEWS (TELTEL/2012/47641)"
"2111","VIPLAVA PRAJAPANDHAA","TGTEL/25/A1235","13-06-2025","Telugu","Fortnightly","Potu Rangarao","Potu Rangarao","Telangana","Hyderabad","View        registration details for VIPLAVA PRAJAPANDHAA (TGTEL/25/A1235)"
"2112","VIPULA","32187","18-05-1978","Telugu","Monthly","RAMOJI RAO","RAMOJI FOUNDATION","Telangana","Rangareddy","View        registration details for VIPULA (32187)"
"2113","VIQAR E HIND","TELURD/2010/32991","19-07-2010","Urdu","Monthly","AZEEM UR RAHMAN","AZEEM-UR-RAHMAN","Telangana","Hyderabad","View        registration details for VIQAR E HIND (TELURD/2010/32991)"
"2114","VIQAR-E-DECCAN","52858","30-09-1993","Urdu","Weekly","SYED LAIQ QUADRI","SYED LAIQ QUADRI","Telangana","Hyderabad","View        registration details for VIQAR-E-DECCAN (52858)"
"2115","VIQAR-E-DECCAN","52949","19-08-1994","Urdu","Daily","SYED LAIQ QUADRI","SYED LAIQ QUADRI","Telangana","Hyderabad","View        registration details for VIQAR-E-DECCAN (52949)"
"2116","VIQAR-E-DECCAN","TELURD/2018/77523","10-06-2019","Urdu","Daily","SYED LAIQ QUADRI","SYED LAIQ QUADRI","Telangana","Adilabad","View        registration details for VIQAR-E-DECCAN (TELURD/2018/77523)"
"2117","VIRSA","TELURD/2014/57752","14-10-2014","Urdu","Fortnightly","ASHRAFUNNISA","ASHRAFUNNISA","Telangana","Hyderabad","View        registration details for VIRSA (TELURD/2014/57752)"
"2118","VIRSA","TELURD/2014/58928","12-12-2014","Urdu","Monthly","ASHRAFUNNISA","ASHRAFUNNISA","Telangana","Hyderabad","View        registration details for VIRSA (TELURD/2014/58928)"
"2119","VISALA TELANGANA","TGTEL/26/A1027","12-02-2026","Telugu","Daily","KONDAKINDI MADHAVA REDDY","KONDAKINDI MADHAVA REDDY","Telangana","Hyderabad","View        registration details for VISALA TELANGANA (TGTEL/26/A1027)"
"2120","VISALA TELANGANA","TELTEL/2022/87211","07-05-2024","Telugu","Monthly","KONDAKINDI MADHAVA REDDY","KONDAKINDI MADHAVA REDDY","Telangana","Telangana","View        registration details for VISALA TELANGANA (TELTEL/2022/87211)"
"2121","VISALA TELANGANA","TELTEL/2015/65610","12-01-2016","Telugu","Daily","K. MADHAVA REDDY","K.MADHAVAREDDY","Telangana","Telangana","View        registration details for VISALA TELANGANA (TELTEL/2015/65610)"
"2122","VISALAANDHRA","TELTEL/2017/75553","18-06-2018","Telugu","Daily","EDUPUGNATI NAGESWARA RAO","VISALAANDHRA VIGNANA SAMITI","Telangana","Hyderabad","View        registration details for VISALAANDHRA (TELTEL/2017/75553)"
"2123","VISHALA JYOOTHI","TGBIL/25/A0946","04-06-2025","Telugu, English","Daily","DEVENDAR KUNTA","DEVENDAR KUNTA","Telangana","Warangal","View        registration details for VISHALA JYOOTHI (TGBIL/25/A0946)"
"2124","VISHALA NETRAM","TELTEL/2010/35419","24-01-2011","Telugu","Daily","SHAIK JOHN SHAHEED","SHAIK JOHN SHAHEED","Telangana","Hyderabad","View        registration details for VISHALA NETRAM (TELTEL/2010/35419)"
"2125","VISHAYA SUCHANA","TELTEL/2011/40552","25-01-2012","Telugu","Daily","K. MALLIKARJUNA RAO","K. MALLIKARJUNA RAO","Telangana","Karimnagar","View        registration details for VISHAYA SUCHANA (TELTEL/2011/40552)"
"2126","VISHAYA SUCHANA","TELTEL/2011/37859","15-06-2011","Telugu","Daily","K. MALLIKARJUNA RAO","K. MALLIKARJUNA RAO","Telangana","Medchal Malkajgiri","View        registration details for VISHAYA SUCHANA (TELTEL/2011/37859)"
"2127","VISHWA GARJANA","TELTEL/2011/37244","13-05-2011","Telugu","Monthly","GEETHA PODISHETTI","GEETHA PODISHETTI","Telangana","Medchal Malkajgiri","View        registration details for VISHWA GARJANA (TELTEL/2011/37244)"
"2128","VISHWA NAGARAM","TELTEL/2016/74774","16-02-2018","Telugu","Weekly","AMULA SHIVA KUMAR","AMULA SHIVA KUMAR","Telangana","Hyderabad","View        registration details for VISHWA NAGARAM (TELTEL/2016/74774)"
"2129","VISHWA SWECHHA","TELTEL/2015/62359","03-06-2015","Telugu","Monthly","KRISHNAMACHARY ANDHOJU","KRISHNAMA CHARY ANDHOJU","Telangana","Nalgonda","View        registration details for VISHWA SWECHHA (TELTEL/2015/62359)"
"2130","VISHWA TARANGINI","37870","07-01-1983","Telugu","Monthly","K SHASHIKALA SATYANARANACHARY","K SHASHIKALA SATYANARANACHARY","Telangana","Warangal","View        registration details for VISHWA TARANGINI (37870)"
"2131","VISHWAS","APENG/2005/16510","24-11-2005","English","Daily","S.M.A. QADEER","SYED MOHAMMED ABDUL QADEER","Telangana","Hyderabad","View        registration details for VISHWAS (APENG/2005/16510)"
"2132","VISHWASAMAYAM","TELTEL/2019/78449","06-02-2020","Telugu","Daily","NAGULA VINOD","NAGULA VINOD","Telangana","Nizamabad","View        registration details for VISHWASAMAYAM (TELTEL/2019/78449)"
"2133","VISHWAVANI SAMARPAN","TGENG/26/A2338","08-04-2026","English","Monthly","KATTUNGA RAMPRASAD","VISHWAVANI SOCIETY","Telangana","Medchal Malkajgiri","View        registration details for VISHWAVANI SAMARPAN (TGENG/26/A2338)"
"2134","VISHWAVANI SAMARPAN","45021","16-05-1989","Tamil","Monthly","KATTUNGA RAMPRASAD","VISHWAVANI SOCIETY","Telangana","Medchal Malkajgiri","View        registration details for VISHWAVANI SAMARPAN (45021)"
"2135","VISHWAVANI SAMARPAN","45020","16-05-1989","Malayalam","Monthly","KATTUNGA RAMPRASAD","VISHWAVANI SOCIETY","Telangana","Medchal Malkajgiri","View        registration details for VISHWAVANI SAMARPAN (45020)"
"2136","VISHWAVANI SAMARPAN","45018","16-05-1989","Telugu","Monthly","KATTUNGA RAMPRASAD","VISHWAVANI SOCIETY","Telangana","Medchal Malkajgiri","View        registration details for VISHWAVANI SAMARPAN (45018)"
"2137","VISHWAVANI SAMARPAN","APGUJ/2000/01544","06-01-2000","Gujarati","Monthly","KATTUNGA RAM PRASAD","VISHWAVANI SOCIETY","Telangana","Medchal Malkajgiri","View        registration details for VISHWAVANI SAMARPAN (APGUJ/2000/01544)"
"2138","VISHWAVANI SAMARPAN","TGNEP/26/A2921","29-04-2026","Nepali","Monthly","KATTUNGA RAMPRASAD","VISHWAVANI SOCIETY","Telangana","Medchal Malkajgiri","View        registration details for VISHWAVANI SAMARPAN (TGNEP/26/A2921)"
"2139","VISHWAVANI SAMARPAN","APKAN/2000/01565","06-01-2000","Kannada","Monthly","KATTUNGA RAMPRASAD","VISHWAVANI SOCIETY","Telangana","Medchal Malkajgiri","View        registration details for VISHWAVANI SAMARPAN (APKAN/2000/01565)"
"2140","VISHWAVANI SAMARPAN","45017","16-05-1989","Marathi","Monthly","KATTUNGA RAMPRASAD","VISHWAVANI SOCIETY","Telangana","Medchal Malkajgiri","View        registration details for VISHWAVANI SAMARPAN (45017)"
"2141","VISHWAVANI SAMARPAN","45019","16-05-1989","Hindi","Monthly","KATTUNGA RAMPRASAD","VISHWAVANI SOCIETY","Telangana","Medchal Malkajgiri","View        registration details for VISHWAVANI SAMARPAN (45019)"
"2142","VISHWAVANI SAMARPAN","APBEN/2000/01612","06-01-2000","Bengali","Monthly","KATTUNGA RAMPRASAD","P.SELVASAJ B/O VISHWAVANI SOCIETY","Telangana","Medchal Malkajgiri","View        registration details for VISHWAVANI SAMARPAN (APBEN/2000/01612)"
"2143","VISHWAVANI SAMARPAN","APODI/2000/01578","06-01-2000","Oriya","Monthly","KATTUNGA RAMPRASAD","P.SELVASAJ B/O VISHWANI SOCIETY","Telangana","Medchal Malkajgiri","View        registration details for VISHWAVANI SAMARPAN (APODI/2000/01578)"
"2144","VISHWAVYAPTHI","TELTEL/2020/80714","23-11-2021","Telugu","Daily","DEVAL RAVI BABU","DEVAL RAVI BABU","Telangana","Nizamabad","View        registration details for VISHWAVYAPTHI (TELTEL/2020/80714)"
"2145","VISION ANDHRA","70731","20-02-1999","Telugu","Daily","J. NARENDER","J.NARENDER","Telangana","Hyderabad","View        registration details for VISION ANDHRA (70731)"
"2146","VISION EXPRESS","TELTEL/2023/90102","12-11-2024","TELUGU","Monthly","GAYIKWAD DAYANAND ANIL KUMAR","GAYIKWAD DAYANAND ANIL KUMAR","Telangana","Nirmal","View        registration details for VISION EXPRESS (TELTEL/2023/90102)"
"2147","VISION EXPRESS","TELTEL/2017/73775","09-11-2017","Telugu","Daily","GAYIKWAD DAYANAND ANIL KUMAR","GAYIKWAD DAYANAND ANIL KUMAR","Telangana","Nirmal","View        registration details for VISION EXPRESS (TELTEL/2017/73775)"
"2148","VISION MEDIA NEWS","TELTEL/2023/87653","26-06-2024","TELUGU","Monthly","KADARI SRIDHAR","KADARI SRIDHAR","Telangana","","View        registration details for VISION MEDIA NEWS (TELTEL/2023/87653)"
"2149","Vision Paksham","TGBIL/26/A0206","02-01-2026","Telugu, English","Daily","Algani Rajeshwar Goud","Algani Rajeshwar Goud","Telangana","Rangareddy","View        registration details for Vision Paksham  (TGBIL/26/A0206)"
"2150","VISION PRABHA","TGTEL/26/A1984","25-03-2026","Telugu","Daily","Thunam Venkateswara Rao","Thunam Venkateswara Rao","Telangana","Suryapet","View        registration details for VISION PRABHA (TGTEL/26/A1984)"
"2151","VISION TELANGANA","TELTEL/2015/62675","17-06-2015","Telugu","Daily","KOMMURU RAGHUPATHI RAO","KOMMURU RAGHUPATHI RAO","Telangana","Rangareddy","View        registration details for VISION TELANGANA (TELTEL/2015/62675)"
"2152","VISION TELANGANA","TELTEL/2012/49568","08-05-2013","Telugu","Weekly","KOMMURU RAGHUPATHI RAO","KOMMURU RAGHUPATHI RAO","Telangana","Hyderabad","View        registration details for VISION TELANGANA (TELTEL/2012/49568)"
"2153","VISWAM VOICE","TGTEL/26/A1458","25-02-2026","Telugu","Daily","KHANDAVELLI SUNILKUMAR","KHANDAVELLI SUNILKUMAR","Telangana","Hyderabad","View        registration details for VISWAM VOICE (TGTEL/26/A1458)"
"2154","VISWANADHA JAYANTHI","TELMUL/2016/68435","26-08-2016","English, URDU, Hindi, Telugu","Quarterly","VELICHALA KONDAL RAO","VELICHALA KONDAL RAO","Telangana","Hyderabad","View        registration details for VISWANADHA JAYANTHI (TELMUL/2016/68435)"
"2155","VIVARAN PATRIKA","8143","30-11-1962","Hindi","Bimonthly (Once in two months)","P. MADHAVA RAO","HINDI PRACHAR SABHA","Telangana","Hyderabad","View        registration details for VIVARAN PATRIKA (8143)"
"2156","VIVEK","70529","01-12-1999","Telugu","Monthly","B. RAMCHANDRA REDDY","B. RAMCHANDRA REDDY","Telangana","Hyderabad","View        registration details for VIVEK (70529)"
"2157","VIVEKA SAMAYAM","TELTEL/2021/80389","17-09-2021","Telugu","Daily","VAKKALA VENKATA SWAMY","VAKKALA VENKATA SWAMY","Telangana","Telangana","View        registration details for VIVEKA SAMAYAM (TELTEL/2021/80389)"
"2158","VOICE KANDANAVOLU","TGTEL/25/A2656","18-09-2025","Telugu","Daily","KURUVA SRINUVASULU","KURUVA SRINUVASULU","Telangana","Hyderabad","View        registration details for VOICE KANDANAVOLU (TGTEL/25/A2656)"
"2159","VOICE KANDANAVOLU","TGTEL/25/A2317","28-08-2025","Telugu","Daily","KURUVA SRINUVASULU","KURUVA SRINUVASULU","Telangana","Mahbubnagar","View        registration details for VOICE KANDANAVOLU (TGTEL/25/A2317)"
"2160","VOICE OF ASIA","38952","20-10-1981","Urdu","Weekly","MOHD. VIQARUDDIN","MOHD. VIQARUDDIN","Telangana","Hyderabad","View        registration details for VOICE OF ASIA (38952)"
"2161","VOICE OF DIGITHON","TELENG/2018/75449","06-06-2018","English","Monthly","MAKTHALA SUNDEEP KUMAR","MAKTHALA SUNDEEP KUMAR","Telangana","Hyderabad","View        registration details for VOICE OF DIGITHON (TELENG/2018/75449)"
"2162","VOICE OF NALGONDA","52926","01-01-1900","English","Daily","VONTUDE NARNDER REDDY","VOTUDE NARENDER REDDY","Telangana","Nalgonda","View        registration details for VOICE OF NALGONDA (52926)"
"2163","VOICE OF NAZARETH","TELTEL/2014/57700","13-10-2014","Telugu","Monthly","ANKATHI RAJKUMAR","ANKATHI RAJKUMAR","Telangana","Nalgonda","View        registration details for VOICE OF NAZARETH (TELTEL/2014/57700)"
"2164","VOICE OF NEW DEMOCRACY","TELTEL/2014/60510","27-02-2015","Telugu","Fortnightly","POTU RANGA RAO","POTU RANGA RAO","Telangana","Khammam","View        registration details for VOICE OF NEW DEMOCRACY (TELTEL/2014/60510)"
"2165","VOICE OF PRAJALU","TGTEL/25/A2649","18-09-2025","Telugu","Daily","Kotha Laxman","Kotha Laxman","Telangana","Karimnagar","View        registration details for VOICE OF PRAJALU (TGTEL/25/A2649)"
"2166","VOICE OF TELANGANA","APTEL/2002/06604","29-12-2001","Telugu","Fortnightly","J SUMALATHA","J SUMALATHA","Telangana","Hyderabad","View        registration details for VOICE OF TELANGANA (APTEL/2002/06604)"
"2167","VOICE OF TELANGANA TEACHER","TELMUL/2014/59021","16-12-2014","English, Telugu, Hindi","Monthly","CHAVA RAVI","TELANGANA STATE UNITED TEACHERS FEDERATION","Telangana","Hyderabad","View        registration details for VOICE OF TELANGANA TEACHER (TELMUL/2014/59021)"
"2168","VOICE OF THE FAITHFUL","TELBIL/2015/65283","17-12-2015","English, Telugu","Monthly","JAMES SYLVESTER","JAMES SYLVESTER","Telangana","Hyderabad","View        registration details for VOICE OF THE FAITHFUL (TELBIL/2015/65283)"
"2169","Voice of Vande Bharath","TGTEL/25/A4812","05-12-2025","Telugu","Daily","GOLI RAVI","GOLI RAVI","Telangana","Hanumakonda","View        registration details for Voice of Vande Bharath (TGTEL/25/A4812)"
"2170","VOICE OF WEAVERS","TELBIL/2019/78727","27-05-2020","English, Telugu","Monthly","AKURATHI SRINIVASA RAO","akurathi srinivasa rao","Telangana","Rangareddy","View        registration details for VOICE OF WEAVERS (TELBIL/2019/78727)"
"2171","VOICE OF WORDS","52944","07-06-1994","English","Daily","DEVARAKONDA KALIDAS","DEVARAKONDA KALIDAS","Telangana","Hyderabad","View        registration details for VOICE OF WORDS (52944)"
"2172","Voice varadhi","TGTEL/25/A4285","21-11-2025","Telugu","Daily","NANDIMANDALAM VENU","NANDIMANDALAM VENU","Telangana","Hyderabad","View        registration details for Voice varadhi (TGTEL/25/A4285)"
"2173","Voicegrid Bharath","TGENG/25/A2732","19-09-2025","English","Daily (Monday To Saturday)","KOYALKAR HARSHA VARDHAN","KOYALKAR HARSHA VARDHAN","Telangana","Nizamabad","View        registration details for Voicegrid Bharath (TGENG/25/A2732)"
"2174","VOODAYAM","TELTEL/2013/52694","21-10-2013","Telugu","Daily","SIRIKONDA MARIA","SIRIKONDA MARIA","Telangana","Adilabad","View        registration details for VOODAYAM (TELTEL/2013/52694)"
"2175","VOODAYAM","TELTEL/2015/65064","02-12-2015","Telugu","Daily","SIRIKONDA MARIA","SIRIKONDA MARIA","Telangana","Warangal","View        registration details for VOODAYAM (TELTEL/2015/65064)"
"2176","VOODAYAM","TELTEL/2000/00272","18-01-2000","Telugu","Daily","SIRIKONDA MARIA","SIRIKONDA MARIA","Telangana","Hyderabad","View        registration details for VOODAYAM (TELTEL/2000/00272)"
"2177","VOODAYAM","TELTEL/2013/65079","03-12-2015","Telugu","Daily","SIRIKONDA MARIA","SIRIKONDA MARIA","Telangana","Karimnagar","View        registration details for VOODAYAM (TELTEL/2013/65079)"
"2178","VOOHA","TELTEL/2016/70246","24-01-2017","Telugu","Monthly","M.A. HAFEEZ KHAN","M.A. HAFEEZ KHAN","Telangana","Nalgonda","View        registration details for VOOHA (TELTEL/2016/70246)"
"2179","VYAPARA SUTRA","TELTEL/2017/73600","20-10-2017","Telugu","Monthly","P.V. SUBRAMANYA VARMA","P.V.SUBRAMANYA VARMA","Telangana","Hyderabad","View        registration details for VYAPARA SUTRA (TELTEL/2017/73600)"
"2180","VYAVASAYA JYOTHI","TGTEL/25/A3434","24-10-2025","Telugu","Monthly","KOLANU DAMODAR REDDY","KOLANU DAMODAR REDDY","Telangana","Nalgonda","View        registration details for VYAVASAYA JYOTHI (TGTEL/25/A3434)"
"2181","VYAVASAYA KUTUMBAM","TELTEL/2015/65484","05-01-2016","Telugu","Monthly","MADHURI SHASHIKANTH KULKARNI","MADHURI SHASHIKANTH KULKARNI","Telangana","Rangareddy","View        registration details for VYAVASAYA KUTUMBAM (TELTEL/2015/65484)"
"2182","VYAVASAYA PADIPANTALU","TELTEL/2012/47334","04-01-2013","Telugu","Monthly","DR. B. JANARDHAN REDDY","COMMISSIONER & DIRECTOR OF AGRICULTURE","Telangana","Hyderabad","View        registration details for VYAVASAYA PADIPANTALU (TELTEL/2012/47334)"
"2183","VYAVASAYA PANCHANGAM","TELTEL/2015/64478","27-10-2015","Telugu","Annual","CH. VENUGOPALA REDDY","PROFESSOR JAYASHANKAR TELANGANA STATE AGRICULTURAL UNIVERSITY","Telangana","Rangareddy","View        registration details for VYAVASAYA PANCHANGAM (TELTEL/2015/64478)"
"2184","VYSHYA DARSHINI","TELTEL/2003/10002","03-06-2003","TELUGU","Monthly","KATKAM RAJESH KUMAR","KATKAM RAJESH KUMAR","Telangana","Karimnagar","View        registration details for VYSHYA DARSHINI (TELTEL/2003/10002)"
"2185","VYSHYA GALAM","TELTEL/2021/83487","06-03-2023","Telugu","Monthly","PABBA SRINIVAS","PABBA SRINIVAS","Telangana","Jagitial","View        registration details for VYSHYA GALAM (TELTEL/2021/83487)"
"2186","VYSHYA VIKASAM","TELTEL/2019/78660","19-05-2020","Telugu","Fortnightly","RAGHU GANGISETTI","RAGHU GANGISETTI","Telangana","Hyderabad","View        registration details for VYSHYA VIKASAM (TELTEL/2019/78660)"
"2187","VYSYA YUVATHA","TELTEL/2014/60143","09-02-2015","Telugu","Monthly","ERUKULLA RAMAKRISHNA","ERUKULLA RAMAKRISHNA","Telangana","Nalgonda","View        registration details for VYSYA YUVATHA (TELTEL/2014/60143)"
"2188","WAFADAR E HINDUSTAN","62210","13-09-1995","Urdu","Daily","MIR MANSOOR ALI KHAN","MIR MANSOOR ALI KHAN","Telangana","Hyderabad","View        registration details for WAFADAR E HINDUSTAN (62210)"
"2189","WAFADAR E HYDERABAD","TELURD/2014/56807","28-08-2014","Urdu","Weekly","MOHAMMED ADIL","MOHAMMED ADIL","Telangana","Hyderabad","View        registration details for WAFADAR E HYDERABAD (TELURD/2014/56807)"
"2190","WAFADAR E HYDERABAD","TELURD/2014/59679","19-01-2015","Urdu","Daily","MOHAMMED ADIL","MOHAMMED ADIL","Telangana","Hyderabad","View        registration details for WAFADAR E HYDERABAD (TELURD/2014/59679)"
"2191","WAFADAR-E-HINDUSTAN","71408","11-08-1999","Telugu","Daily","MIR MANSOOR ALI KHAN","MIR MANSOOR ALI KHAN","Telangana","Hyderabad","View        registration details for WAFADAR-E-HINDUSTAN (71408)"
"2192","WAKE UP TELANGANA","TELENG/2021/81112","07-02-2022","English","Daily","MIR QURRAM ALI","MIR QURRAM ALI","Telangana","Hyderabad","View        registration details for WAKE UP TELANGANA (TELENG/2021/81112)"
"2193","WAQT KI SIASAT","TELURD/2014/61270","15-04-2015","Urdu","Weekly","MOHAMMED ABDUL ALEEM","MOHAMMED ABDUL ALEEM","Telangana","Hyderabad","View        registration details for WAQT KI SIASAT (TELURD/2014/61270)"
"2194","WARANGAL MIRROR","TELENG/2017/71179","11-04-2017","English","Daily","MUDUGANTI PREM KUMAR REDDY","M P R MEDIA PUBLICATIONS","Telangana","Karimnagar","View        registration details for WARANGAL MIRROR (TELENG/2017/71179)"
"2195","WARANGAL TIMES","TELTEL/2023/87643","25-06-2024","TELUGU","Daily","SONI NAGABELLI","SONI NAGABELLI","Telangana","","View        registration details for WARANGAL TIMES (TELTEL/2023/87643)"
"2196","WARANGAL VANI","32097","27-11-1977","Telugu","Daily","GUNISHETTI VIJAYA BHASKAR","GUNISHETTI VIJAYA BHASKAR","Telangana","Warangal","View        registration details for WARANGAL VANI (32097)"
"2197","WARANGAL VOICE","TELTEL/2021/80377","16-09-2021","Telugu","Daily","GADDAM KESHAVA MURTHY","GADDAM KESHAVA MURTHY","Telangana","Warangal","View        registration details for WARANGAL VOICE (TELTEL/2021/80377)"
"2198","WATAN KI PUKAR","52741","08-08-1991","URDU","Daily","SYED ILIYAS","SYED ILIYAS","Telangana","Hyderabad","View        registration details for WATAN KI PUKAR (52741)"
"2199","WATAN KI PUKAR","44942","04-04-2012","URDU","Weekly","SYED ILIYAS","SYED ILIYAS","Telangana","Hyderabad","View        registration details for WATAN KI PUKAR (44942)"
"2200","WATCH ON CORRUPTION","TELENG/2014/55039","24-03-2014","English","Fortnightly","MOHAMMED ABDUL ALEEM","MOHAMMED ABDUL ALEEM","Telangana","Hyderabad","View        registration details for WATCH ON CORRUPTION (TELENG/2014/55039)"
"2201","WATCH TODAY","37984","10-05-1984","English","Fortnightly","CHAVALI SUBHASH","CHAVALI SUBHASH","Telangana","Hyderabad","View        registration details for WATCH TODAY (37984)"
"2202","Waves of Bharath","TGENG/25/A2117","08-08-2025","English","Daily","KOYALKAR HARSHA VARDHAN","KOYALKAR HARSHA VARDHAN","Telangana","Nizamabad","View        registration details for Waves of Bharath (TGENG/25/A2117)"
"2203","WEEKEND BUSINESS STANDARD","TELENG/2013/54228","23-01-2014","English","Weekly","GONAPA NARAYANA","BUSINESS STANDARD LTD","Telangana","Hyderabad","View        registration details for WEEKEND BUSINESS STANDARD (TELENG/2013/54228)"
"2204","WINNERS PUBLICATIONS WINNERS VOICE","TELTEL/2017/73151","30-08-2017","Telugu","Monthly","P. PRASANA","WINNERS PUBLICATIONS","Telangana","Hyderabad","View        registration details for WINNERS PUBLICATIONS WINNERS VOICE (TELTEL/2017/73151)"
"2205","WINSPIRE EMPOWERING YOUTH","TELENG/2015/62964","29-06-2015","English","Monthly","CHANDAN KUMAR PULIJALA","CHANDAN KUMAR PULIJALA","Telangana","Nalgonda","View        registration details for WINSPIRE EMPOWERING YOUTH (TELENG/2015/62964)"
"2206","WORLD SAMACHAR","61833","27-06-1995","Urdu","Daily","MIR QASIM ALI","MIR QASIM ALI","Telangana","Hyderabad","View        registration details for WORLD SAMACHAR (61833)"
"2207","WORLD VICE","68419","25-03-1998","Urdu","Daily","SALMA SULTANA","MAHMOOD ALI KHAN","Telangana","Hyderabad","View        registration details for WORLD VICE (68419)"
"2208","YAADHARTHAVAADHI TELUGU DAILY DHINA PATHRIKA","TELTEL/2023/85376","15-09-2023","Telugu","Daily","BINGI SATHAIAH","BINGI SATHAIAH","Telangana","Siddipet","View        registration details for YAADHARTHAVAADHI TELUGU DAILY DHINA PATHRIKA (TELTEL/2023/85376)"
"2209","YADADRI","TELTEL/2016/72062","01-06-2017","Telugu","Fortnightly","KARNAM BHASKER RAO","KARNAM BHASKER RAO","Telangana","Telangana","View        registration details for YADADRI (TELTEL/2016/72062)"
"2210","YADAGIRI NEWS","TELTEL/2015/64144","14-09-2015","Telugu","Monthly","K.NAVEEN KUMAR","K.NAVEEN KUMAR","Telangana","Nalgonda","View        registration details for YADAGIRI NEWS (TELTEL/2015/64144)"
"2211","YADARDHAM","TELTEL/2023/90473","06-02-2025","TELUGU","Monthly","BALASUBRAHMANYAM KAMARSU","BALASUBRAHMANYAM KAMARSU","Telangana","","View        registration details for YADARDHAM (TELTEL/2023/90473)"
"2212","YADAVA JAGRUTI","TELTEL/2018/76060","12-09-2018","Telugu","Monthly","MARAM RAJ KUMAR","MARAM RAJ KUMAR","Telangana","Karimnagar","View        registration details for YADAVA JAGRUTI (TELTEL/2018/76060)"
"2213","YADAVA KANTHAM","TGTEL/26/A1985","25-03-2026","Telugu","Monthly","Vantala Jangaiah","Vantala Jangaiah","Telangana","Hyderabad","View        registration details for YADAVA KANTHAM (TGTEL/26/A1985)"
"2214","YADAVA VIKASAM","TELTEL/2021/80381","16-09-2021","Telugu","Monthly","SRINIVAS BHASHABOINA","SRINIVAS BHASHABOINA","Telangana","Warangal","View        registration details for YADAVA VIKASAM (TELTEL/2021/80381)"
"2215","Yaksha Prashna","TGMUL/26/A3520","12-05-2026","English, Hindi, Kannada, Malayalam, Tamil, Bengali, Gujarati, Punjabi","Monthly","Bodhanapu Vishnu","TACK ON KNOWLEDGE SOLUTIONS (OPC) PRIVATE LIMITED","Telangana","Rangareddy","View        registration details for Yaksha Prashna (TGMUL/26/A3520)"
"2216","YESU ANUCHARULU","APTEL/2000/01222","19-04-2000","Telugu","Monthly","REV.P.JOSHI","REV.P.JOSHI","Telangana","Hyderabad","View        registration details for YESU ANUCHARULU (APTEL/2000/01222)"
"2217","YOJANA","37729","17-10-1980","Telugu","Monthly","ANUPAMA BHATNAGAR","PUBLICATIONS DIVISION, MINISTRY OF INFORMATION & BROADCASTING","Telangana","Hyderabad","View        registration details for YOJANA (37729)"
"2218","YOUNG INDIAN","TELTEL/2016/67456","09-06-2016","Telugu","Monthly","RAJ KUMAR MEDI","RAJ KUMAR MEDI","Telangana","Rangareddy","View        registration details for YOUNG INDIAN (TELTEL/2016/67456)"
"2219","YOUNG WRITER","44817","18-03-1985","Urdu","Weekly","MOHD HASAN ALI ANSARI","MOHD HASAN ALI ANSARI","Telangana","Hyderabad","View        registration details for YOUNG WRITER (44817)"
"2220","YOUNG ZONE","TELENG/2015/59860","28-01-2015","English","Monthly","SARATBABU VASIREDDY","PUDAMI PUBLICATIONS","Telangana","Hyderabad","View        registration details for YOUNG ZONE (TELENG/2015/59860)"
"2221","YOUTH SPIRIT","TELENG/2016/69445","29-11-2016","English","Daily","A. KRISHNA REDDY","A.KRISHNA REDDY","Telangana","Telangana","View        registration details for YOUTH SPIRIT (TELENG/2016/69445)"
"2222","YOUTH SPIRIT","TGENG/26/A3820","18-05-2026","English","Daily","ANNA REDDY KRISHNA REDDY","ANNA REDDY KRISHNA REDDY","Telangana","Hyderabad","View        registration details for YOUTH SPIRIT (TGENG/26/A3820)"
"2223","YOUTH WORLD","TELURD/2015/61262","15-04-2015","Urdu","Daily","M.A. LATIF","M.A.LATIF","Telangana","Hyderabad","View        registration details for YOUTH WORLD (TELURD/2015/61262)"
"2224","YUDDHA BHOOMI","TELTEL/2014/55858","06-06-2014","Telugu","Daily","YALLAMATI VIJAYABABU","YALLAMATI VIJAYABABU","Telangana","Rangareddy","View        registration details for YUDDHA BHOOMI (TELTEL/2014/55858)"
"2225","YUGA BHARATH","TELTEL/2016/69305","11-11-2016","Telugu","Monthly","KOMARI KOTESWARA RAO","KOMARI KOTESWARA RAO","Telangana","Hyderabad","View        registration details for YUGA BHARATH (TELTEL/2016/69305)"
"2226","YUVA BHOOMI","TELTEL/2014/57704","13-10-2014","Telugu","Monthly","GANJI PADMA","GANJI PADMA","Telangana","Hyderabad","View        registration details for YUVA BHOOMI (TELTEL/2014/57704)"
"2227","Yuvakalam","TGTEL/25/A1230","12-06-2025","Telugu","Monthly","Lavoori Rambabu","Lavoori Rambabu","Telangana","Rangareddy","View        registration details for Yuvakalam (TGTEL/25/A1230)"
"2228","YUVANETHA PILUPU","TELTEL/2015/64054","03-09-2015","Telugu","Monthly","D. SRINU KISHORE JI","D.SRINU KISHOREJI","Telangana","Rangareddy","View        registration details for YUVANETHA PILUPU (TELTEL/2015/64054)"
"2229","ZARB-E-KALEEM","38998","22-08-1981","Urdu","Fortnightly","ABDUL LATEEF QUADRI","ABDUL LATEEF QUADRI","Telangana","Hyderabad","View        registration details for ZARB-E-KALEEM (38998)"
"2230","ZAREEF","44947","13-02-1987","Urdu","Monthly","MIRZA AQUEEL BAIG","MIRZA AQUEEL BAIG","Telangana","Hyderabad","View        registration details for ZAREEF (44947)"
"2231","ZAREEF","APURD/2005/16442","27-10-2005","Urdu","Daily","MIRZA AQUEEL BAIG","MIRZA AQUEEL BAIG","Telangana","Hyderabad","View        registration details for ZAREEF (APURD/2005/16442)"
"2232","ZAREEF","37972","26-04-2012","Urdu","Weekly","MIRZA AQUEEL BAIG","MIRZA AQUEEL BAIG","Telangana","Hyderabad","View        registration details for ZAREEF (37972)"
"2233","ZAWIYA-E-NAZAR","TELURD/1999/02460","22-10-1999","Urdu","Weekly","SULTANA BANU","SULTANA BANU","Telangana","Hyderabad","View        registration details for ZAWIYA-E-NAZAR (TELURD/1999/02460)"
"2234","ZAWIYA-E-NAZAR","TELURD/2006/16496","05-01-2006","Urdu","Daily","SULTANA BANU","SULTANA BANU","Telangana","Hyderabad","View        registration details for ZAWIYA-E-NAZAR (TELURD/2006/16496)"
"2235","ZOOM IN JOURNALIST","TELTEL/2016/69505","01-12-2016","Telugu","Daily","Tejavath Bheemudu","Tejavath Bheemudu","Telangana","Warangal","View        registration details for ZOOM IN JOURNALIST (TELTEL/2016/69505)"
"2236","24X7 KHABRE","TELURD/2016/75678","28-06-2018","Urdu","Daily","MIR AKBAR ALI","MIR AKBAR ALI","Telangana","Hyderabad","View        registration details for 24X7 KHABRE (TELURD/2016/75678)"
"2237","6 OCLOCK","52956","25-01-1994","English","Daily","RAYUDU V. V. S.","RAYUDU V. V. S.","Telangana","Hyderabad","View        registration details for 6 OCLOCK (52956)"
"2238","6 OCLOCK","72503","25-11-1999","English","Daily","RAYUDU V.V.S.","RAYUDU V.V.S.","Telangana","Krishna","View        registration details for 6 OCLOCK (72503)"
"2239","Tarjumaan e Telangana","TGURD/25/A4157","20-11-2025","Urdu","Daily","MOHAMMED ABDUL KHADER FAISAL","MOHAMMED ABDUL KHADER FAISAL","Telangana","Sangareddy","View        registration details for  Tarjumaan e Telangana (TGURD/25/A4157)"